framework,alg,N,time
ADI.jl,median,622261,0.035648202
ADI.jl,median,18574074,1.491676292
ADI.jl,nmf_20,622261,35.85430145
ADI.jl,pca_20,622261,0.050104434
ADI.jl,pca_20,18574074,2.91678003
VIP,median,622261,0.038019478
VIP,median,18574074,1.271641821
VIP,nmf_20,622261,39.894243642
VIP,pca_20,622261,0.054617163
VIP,pca_20,18574074,2.936397107
