framework,alg,N,time
ADI.jl,median,622261,0.035372424
ADI.jl,pca_20,622261,0.053511805
ADI.jl,nmf_20,622261,1.063991878
ADI.jl,median,18574074,1.162825046
ADI.jl,pca_20,18574074,2.382309957
VIP,median,622261,0.044206977
VIP,pca_20,622261,0.060353352
VIP,nmf_20,622261,0.795710399
VIP,median,18574074,1.00312143
VIP,pca_20,18574074,2.426382063
