framework,alg,N,time
ADI.jl,median,622261,0.037190855
ADI.jl,pca_20,622261,0.053404161
ADI.jl,nmf_20,622261,41.172108408
ADI.jl,median,18574074,1.305717409
ADI.jl,pca_20,18574074,3.093096529
VIP,median,622261,0.045492888
VIP,pca_20,622261,0.066249575
VIP,nmf_20,622261,0.92181125
VIP,median,18574074,1.094448966
VIP,pca_20,18574074,3.142223225
