framework,alg,N,time
ADI.jl,pca_20,622261,0.796803999
ADI.jl,pca_20,18574074,70.633052047
VIP,pca_20,622261,1.674733679
VIP,pca_20,18574074,77.991846575
ADI.jl,pca_20,622261,0.97143318
ADI.jl,pca_20,18574074,92.52764698
