framework,alg,N,time
ADI.jl,pca_20,622261,0.70641897
ADI.jl,pca_20,18574074,39.02226976
VIP,pca_20,622261,1.559658252
VIP,pca_20,18574074,93.658516888
