framework,N,time
ADI.jl,2601,0.013151861
ADI.jl,10201,0.135206976
ADI.jl,40401,1.247643362
ADI.jl,90601,4.302505681
ADI.jl,160801,10.216427632
VIP,2601,0.950528968
VIP,10201,6.949398601
VIP,40401,47.574591859
